{
	"$schema": "https://developer.joomla.org/schemas/json-schema/web_assets.json",
	"assets": [
		{
			"name": "plg_system_hyphenateghsvs.add_hypenate_css",
			"description": "Inline STYLE tag. See setting 'add_hypenate_css'.",
			"content": ".hyphenate{word-wrap:break-word;-webkit-hyphens:auto;-moz-hyphens:auto;-ms-hyphens:auto;-o-hyphens:auto;hyphens:auto}.donthyphenate{word-wrap:break-word;-webkit-hyphens:none;-moz-hyphens:none;-ms-hyphens:none;-o-hyphens:none;hyphens:none}",
			"inline": true,
			"type": "style",
			"version": "2022.08.01",
			"weight": 1000,
			"attributes": {
				"id": "plg_system_hyphenateghsvs-add_hypenate_css"
			}
		},
		{
			"name": "plg_system_hyphenateghsvs.vanilla",
			"description": "Contains basic functions for setting .hyphenate/.donthyphenate classes.",
			"type": "script",
			"uri": "plg_system_hyphenateghsvs/hyphenateghsvsVanilla.js",
			"weight": -1000,
			"version": "2022.08.01"
		},
		{
			"name": "nur-ein-test",
			"description": "",
			"type": "script",
			"uri": "plg_system_hyphenateghsvs/hyphenateghsvsVanilla.js",
			"weight": -1000,
			"version": "4.12.0"
		}
	]
}
