{
  "$schema": "https://developer.joomla.org/schemas/json-schema/web_assets.json",
  "name": "plg_system_hyphenateghsvs_slim",
  "version": "2023.01.06",
	"versionSub": "5.0.0",
  "description": "Joomla system plugin. Hyphenation for browsers that do NOT support CSS property hyphens or do not support some languages. Hyphenopoly-only variant.",
  "license": "GNU General Public License version 3 or later; see LICENSE.txt.",
	"assets": [
		{
			"name": "plg_system_hyphenateghsvs.add_hypenate_css",
			"description": "Inline STYLE tag. See setting 'add_hypenate_css'.",
			"content": ".hyphenate{word-wrap:break-word;-webkit-hyphens:auto;-moz-hyphens:auto;-ms-hyphens:auto;-o-hyphens:auto;hyphens:auto}.donthyphenate{word-wrap:break-word;-webkit-hyphens:none;-moz-hyphens:none;-ms-hyphens:none;-o-hyphens:none;hyphens:none}",
			"inline": true,
			"type": "style",
			"version": "2023.01.06",
			"weight": 1000,
			"attributes": {
				"id": "plg_system_hyphenateghsvs-add_hypenate_css"
			}
		}
	]
}
