<?xml version="1.0" encoding="utf-8"?>
<extension type="plugin" group="system" method="upgrade">
	<name>PLG_SYSTEM_HYPHENATEGHSVS</name>
	<author>G@HService Berlin Neukölln, Volkmar Volli Schlothauer</author>
	<creationDate>2022-08-01</creationDate>
	<copyright>(C) 2016, G@HService Berlin Neukölln, Volkmar Volli Schlothauer.</copyright>
	<license>GNU General Public License version 3 or later; see LICENSE.txt.</license>
	<authorUrl>https://ghsvs.de</authorUrl>
	<version>2022.08.01</version>
	<description>PLG_SYSTEM_HYPHENATEGHSVS_XML_DESCRIPTION</description>

	<updateservers><server type="extension" priority="1" name="PLG_SYSTEM_HYPHENATEGHSVS_SLIM">https://raw.githubusercontent.com/GHSVS-de/upadateservers/master/plg_system_hyphenateghsvs_slim-update.xml</server></updateservers>

	<changelogurl>https://raw.githubusercontent.com/GHSVS-de/upadateservers/master/plg_system_hyphenateghsvs_slim-changelog.xml</changelogurl>

	<infourl>https://updates.ghsvs.de/changelog.php?file=plg_system_hyphenateghsvs_slim</infourl>

	<scriptfile>installerScript.php</scriptfile>
	<minimumPhp>7.4.2</minimumPhp>
	<maximumPhp>8.999.999</maximumPhp>
	<minimumJoomla>3.10.0</minimumJoomla>
	<maximumJoomla>4.9999.9999</maximumJoomla>
	<allowDowngrades>1</allowDowngrades>

	<files>
		<filename plugin="hyphenateghsvs">hyphenateghsvs.php</filename>
		<filename>installerScript.php</filename>
		<filename>package.json</filename>
		<filename>LICENSE.txt</filename>
		<filename>LICENSE_Hyphenopoly.txt</filename>
		<folder>fields</folder>
		<folder>language</folder>
		<folder>layouts</folder>
		<folder>src</folder>
	</files>

	<media folder="media" destination="plg_system_hyphenateghsvs">
		<folder>css</folder>
		<folder>images</folder>
		<folder>js</folder>
		<filename>joomla.asset.json</filename>
	</media>
	<namespace path="src">Joomla\Plugin\System\HyphenateGhsvs</namespace>
	<config addfieldprefix="Joomla\Plugin\System\HyphenateGhsvs\Field">
		<fields name="params" addfieldpath="plugins/system/hyphenateghsvs/fields">

			<fieldset name="basic">
				<field type="hidden" default="1" name="hyphenateghsvsplugin" />
			</fieldset><!--/basic-->

			<fieldset name="thanks" label="PLG_HYPHENATEGHSVS_FIELDSET_TANKS_AND_LICENSES">
				<field name="spacerthanks" type="plgSystemHyphenateGhsvs.longdescription"
					descriptiontext="PLG_HYPHENATEGHSVS_SPACERTHANKS"
					hidden="true"
					additionalClass="thanks" />
			</fieldset><!--/thanks-->

			<fieldset name="long_description" label="PLG_HYPHENATEGHSVS_FIELDSET_LONG_DESCRIPTION">

				<field name="version" type="plgSystemHyphenateGhsvs.version"
					label="JVERSION"
					description=""/>

				<field name="long_descriptiomNote" type="plgSystemHyphenateGhsvs.longdescription"
					descriptiontext="{INCLUDE-FILE:Long-Description.html:}"
					hidden="true"
					additionalClass="long_descriptiom" />

				<field name="assetsbe" type="plgSystemHyphenateGhsvs.assetsbe" hidden="true"
					loadjs="false" loadcss="true" />
			</fieldset><!--/long_description-->

			<fieldset name="hypenateSelectors" label="PLG_HYPHENATEGHSVS_FIELDSET_SELECTORS" description="">

<!--HYPHENATE SELECTORS-->
				<field name="hyphenateNote" type="plgSystemHyphenateGhsvs.longdescription"
					hiddenLabel="true"
					additionalClass="hyphenate"
					descriptiontext="PLG_SYSTEM_HYPHENATEGHSVS_HYPHENATE_DESC"
					contentToggler="true" />

				<field name="hyphenate" type="textarea" default=""
					label="PLG_SYSTEM_HYPHENATEGHSVS_HYPHENATE"
					description="" />

<!--DONTHYPHENATE SELECTORS-->
				<field name="donthyphenateNote" type="plgSystemHyphenateGhsvs.longdescription"
					hiddenLabel="true"
					additionalClass="donthyphenate"
					descriptiontext="PLG_SYSTEM_HYPHENATEGHSVS_DONTHYPHENATE_DESC"
					contentToggler="true" />

				<field name="donthyphenate" type="textarea" default=""
					label="PLG_SYSTEM_HYPHENATEGHSVS_DONTHYPHENATE"
					description="" />

<!--ADD_HYPENATE_CSS-->
				<field name="add_hypenate_cssNote" type="plgSystemHyphenateGhsvs.longdescription"
					hiddenLabel="true"
					additionalClass="add_hypenate_css"
					descriptiontext="PLG_HYPHENATEGHSVS_ADD_HYPENATE_CSS_DESC"
					contentToggler="true" />

				<field name="add_hypenate_css" type="radio" default="1"
					class="switcher btn-group btn-group-yesno"
					label="PLG_HYPHENATEGHSVS_ADD_HYPENATE_CSS"
					description=""
					filter="integer">
						<option value="0">JNO</option>
						<option value="1">JYES</option>
				</field>
			</fieldset><!--/hypenateSelectors-->

			<fieldset name="languages" label="PLG_HYPHENATEGHSVS_FIELDSET_LANGUAGES" description="">

<!--LANGUAGES-->
				<field name="languagesspacerHyphenopoly" type="plgSystemHyphenateGhsvs.longdescription"
					descriptiontext="PLG_HYPHENATEGHSVS_LANGUAGES_HYPHENOPOLY_DESC"
					hiddenLabel="true"
					additionalClass="languages"
					contentToggler="true" />

				<field name="languageshyphenopoly" type="plgSystemHyphenateGhsvs.subformlayout" min="1" max="100" multiple="true"
					label="" description=""
					hiddenLabel="true"
					formsource="plugins/system/hyphenateghsvs/src/Form/languages-subform-hyphenopoly.xml"
					layout="joomla.form.field.subform.repeatable-table" groupByFieldset="false"
					default='{"languageshyphenopoly0":{"lang":"de","langTag":"de-at","langtext":"Silbentrennungsalgorithmus","active":"0"},"languageshyphenopoly1":{"lang":"de","langTag":"de-de","langtext":"Silbentrennungsalgorithmus","active":"0"},"languageshyphenopoly2":{"lang":"en-gb","langTag":"","langtext":"hyphenationalgorithm","active":"0"},"languageshyphenopoly3":{"lang":"en-gb","langTag":"en","langtext":"hyphenationalgorithm","active":"0"},"languageshyphenopoly4":{"lang":"en-us","langTag":"","langtext":"supercalifragilisticexpialidocious","active":"0"},"languageshyphenopoly5":{"lang":"en-us","langTag":"en-au","langtext":"supercalifragilisticexpialidocious","active":"0"},"languageshyphenopoly6":{"lang":"fr","langTag":"fr-fr","langtext":"Amortissements","active":"0"},"languageshyphenopoly7":{"lang":"fr","langTag":"fr-ca","langtext":"Amortissements","active":"0"},"languageshyphenopoly8":{"lang":"la","langTag":"","langtext":"comprovincialis","active":"0"},"languageshyphenopoly9":{"lang":"hy","langTag":"","langtext":"\u0540\u0561\u0575\u0565\u0580\u0565\u0576\u0576","active":"0"}}'
				/>

			</fieldset><!--/languages-->

			<fieldset name="hypenateCss" label="PLG_HYPHENATEGHSVS_FIELDSET_CSS" description="">

<!--ROBOTS-->
				<field name="robotsNote" type="plgSystemHyphenateGhsvs.longdescription"
					hiddenLabel="true"
					descriptiontext="PLG_HYPHENATEGHSVS_ROBOTS_DESC" />

				<field name="robots" type="radio" default="0"
					label="PLG_HYPHENATEGHSVS_ROBOTS"
					class="switcher btn-group btn-group-yesno">
						<option value="0">JNO</option>
						<option value="1">JYES</option>
				</field>

<!--SETUP. Einstellungen für hyphenopolys "setup" block-->
				<field name="setupHideNote" type="plgSystemHyphenateGhsvs.longdescription"
					hiddenLabel="true"
					descriptiontext="PLG_HYPHENATEGHSVS_SETUP_HIDE_DESC" />

				<!--Always use "" for JNO here!! NOT "0". -->
				<field name="setup_hide" type="list" default="all"
					label="PLG_HYPHENATEGHSVS_SETUP_HIDE"
					description="" class="switcher btn-group btn-group-yesno">
						<option value="all"/>
						<option value="element"/>
						<option value="text"/>
						<option value="JNONE"/>
				</field>

			</fieldset><!--/hypenateCss-->

			<fieldset name="debug" label="PLG_HYPHENATEGHSVS_FIELDSET_DEBUG_AND_LOG">

				<field name="debuggingNotes" type="plgSystemHyphenateGhsvs.longdescription"
					hiddenLabel="true"
					descriptiontext="PLG_SYSTEM_HYPHENATEGHSVS_DEBUGGING_NOTES"
					contentToggler="true"/>

<!--SILENTERRORS-->
				<field name="silenterrorsNote" type="plgSystemHyphenateGhsvs.longdescription"
					hiddenLabel="true"
					additionalClass="silenterrors"
					descriptiontext="PLG_HYPHENATEGHSVS_SILENTERRORS_DESC"
					contentToggler="true"/>

				<field name="silenterrors" type="radio" default="0"
					class="switcher btn-group btn-group-yesno"
					label="PLG_HYPHENATEGHSVS_SILENTERRORS"
					filter="integer">
						<option value="0">JNO</option>
						<option value="1">JYES</option>
				</field>

				<field name="forceRenewalDaysSpacer" type="note" close="true" class="alert alert-info"
					label="PLG_SYSTEM_HYPHENATEGHSVS_FORCERENEWAL_DAYS"
					description="PLG_SYSTEM_HYPHENATEGHSVS_FORCERENEWAL_DAYS_DESC"
					showon="forceRenewal:0"/>

				<field name="forceRenewalDays" type="number" min="0" default="90"
					filter="integer"
					label="PLG_SYSTEM_HYPHENATEGHSVS_FORCERENEWAL_DAYS"
					showon="forceRenewal:0"/>

			</fieldset><!--/debug-->

		</fields>
	</config>
</extension>
