<?xml version="1.0" encoding="utf-8"?>
<extension type="plugin" group="system" method="upgrade">
	<name>PLG_SYSTEM_HYPHENATEGHSVS</name>
	<author>G@HService Berlin Neukölln, Volkmar Volli Schlothauer</author>
	<creationDate>2022-08-01</creationDate>
	<copyright>(C) 2022, G@HService Berlin Neukölln, Volkmar Volli Schlothauer.</copyright>
	<license>GNU General Public License version 3 or later; see LICENSE.txt.</license>
	<authorUrl>https://ghsvs.de</authorUrl>
	<version>2023.10.20</version>
	<description>PLG_SYSTEM_HYPHENATEGHSVS_XML_DESCRIPTION</description>

	<updateservers><server type="extension" priority="1" name="PLG_SYSTEM_HYPHENATEGHSVS_SLIM">https://raw.githubusercontent.com/GHSVS-de/upadateservers/master/plg_system_hyphenateghsvs_slim-update.xml</server></updateservers>

	<infourl>https://github.com/GHSVS-de/plg_system_hyphenateghsvs_slim/releases/tag/2023.10.20</infourl>

	<scriptfile>installerScript.php</scriptfile>
	<minimumPhp>7.4.2</minimumPhp>
	<maximumPhp>8.999.999</maximumPhp>
	<minimumJoomla>4.3.0</minimumJoomla>
	<maximumJoomla>5.9999.9999</maximumJoomla>
	<allowDowngrades>1</allowDowngrades>

	<files>
		<!--<filename plugin="hyphenateghsvs">hyphenateghsvs.php</filename>-->
		<folder plugin="hyphenateghsvs">services</folder>
		<filename>installerScript.php</filename>
		<filename>package.json</filename>
		<filename>LICENSE.txt</filename>
		<filename>LICENSE_Hyphenopoly.txt</filename>
		<folder>form</folder>
		<folder>language</folder>
		<folder>src</folder>
	</files>

	<media folder="media" destination="plg_system_hyphenateghsvs">
		<folder>css</folder>
		<folder>images</folder>
		<folder>js</folder>
		<filename>joomla.asset.json</filename>
		<filename>renewal.log</filename>
	</media>
	<namespace path="src">GHSVS\Plugin\System\HyphenateGhsvs</namespace>
	<config addfieldprefix="GHSVS\Plugin\System\HyphenateGhsvs\Field">
		<fields name="params">

			<fieldset name="basic">
				<field type="hidden" default="1" name="hyphenateghsvsplugin" />

				<field name="assetsbe" type="AssetsBe" hidden="true"
					loadjs="false" loadcss="true" />
			</fieldset><!--/basic-->

			<fieldset name="thanks" label="PLG_HYPHENATEGHSVS_FIELDSET_TANKS_AND_LICENSES">

				<field name="version" type="Version"
					label="JVERSION"/>

				<field name="spacerthanks" type="note" class="alert alert-info"
					description="PLG_HYPHENATEGHSVS_SPACERTHANKS"/>
			</fieldset><!--/thanks-->

			<fieldset name="hypenateSelectors" label="PLG_HYPHENATEGHSVS_FIELDSET_SELECTORS" description="">

<!--HYPHENATE SELECTORS-->
				<field name="hyphenateNote" type="note" class="alert alert-info" close="true"
					label="PLG_SYSTEM_HYPHENATEGHSVS_HYPHENATE"
					description="PLG_SYSTEM_HYPHENATEGHSVS_HYPHENATE_DESC"/>

				<field name="hyphenate" type="textarea" default=""
					label="PLG_SYSTEM_HYPHENATEGHSVS_HYPHENATE"/>

<!--DONTHYPHENATE SELECTORS-->
				<field name="donthyphenateNote" type="note" class="alert alert-info" close="true"
					label="PLG_SYSTEM_HYPHENATEGHSVS_DONTHYPHENATE"
					description="PLG_SYSTEM_HYPHENATEGHSVS_DONTHYPHENATE_DESC"/>

				<field name="donthyphenate" type="textarea" default=""
					label="PLG_SYSTEM_HYPHENATEGHSVS_DONTHYPHENATE"/>

<!--ADD_HYPENATE_CSS-->
				<field name="add_hypenate_cssNote" type="note" class="alert alert-info" close="true"
					label="PLG_HYPHENATEGHSVS_ADD_HYPENATE_CSS"
					description="PLG_HYPHENATEGHSVS_ADD_HYPENATE_CSS_DESC"/>

				<field name="add_hypenate_css" type="list" default="1" filter="integer"
					label="PLG_HYPHENATEGHSVS_ADD_HYPENATE_CSS">
						<option value="0">JNO</option>
						<option value="1">JYES</option>
				</field>
			</fieldset><!--/hypenateSelectors-->

			<fieldset name="languages" label="PLG_HYPHENATEGHSVS_FIELDSET_LANGUAGES">

<!--LANGUAGES-->
				<field name="languagesspacerHyphenopoly" type="note" class="alert alert-info" close="true"
					label="PLG_HYPHENATEGHSVS_LANGUAGES"
					description="PLG_HYPHENATEGHSVS_LANGUAGES_HYPHENOPOLY_DESC"/>

				<field name="languageshyphenopoly" type="Subform" min="1" max="100" multiple="true"
					label="" description=""
					hiddenLabel="true"
					formsource="plugins/system/hyphenateghsvs/form/languages-subform-hyphenopoly.xml"
					layout="joomla.form.field.subform.repeatable-table" groupByFieldset="false"
					default='{"languageshyphenopoly0":{"lang":"de","langTag":"de-at","langtext":"Silbentrennungsalgorithmus","active":"0"},"languageshyphenopoly1":{"lang":"de","langTag":"de-de","langtext":"Silbentrennungsalgorithmus","active":"0"},"languageshyphenopoly2":{"lang":"en-gb","langTag":"","langtext":"hyphenationalgorithm","active":"0"},"languageshyphenopoly3":{"lang":"en-gb","langTag":"en","langtext":"hyphenationalgorithm","active":"0"},"languageshyphenopoly4":{"lang":"en-us","langTag":"","langtext":"supercalifragilisticexpialidocious","active":"0"},"languageshyphenopoly5":{"lang":"en-us","langTag":"en-au","langtext":"supercalifragilisticexpialidocious","active":"0"},"languageshyphenopoly6":{"lang":"fr","langTag":"fr-fr","langtext":"Amortissements","active":"0"},"languageshyphenopoly7":{"lang":"fr","langTag":"fr-ca","langtext":"Amortissements","active":"0"},"languageshyphenopoly8":{"lang":"la","langTag":"","langtext":"comprovincialis","active":"0"},"languageshyphenopoly9":{"lang":"hy","langTag":"","langtext":"\u0540\u0561\u0575\u0565\u0580\u0565\u0576\u0576","active":"0"}}'
				/>

			</fieldset><!--/languages-->

			<fieldset name="hypenateCss" label="PLG_HYPHENATEGHSVS_FIELDSET_CSS">

<!--SETUP. Einstellungen für hyphenopolys "setup" block-->
				<field name="setupHideNote" type="note" class="alert alert-info" close="true"
					label="PLG_HYPHENATEGHSVS_SETUP_HIDE"
					description="PLG_HYPHENATEGHSVS_SETUP_HIDE_DESC"/>

				<!--Always use "" for JNO here!! NOT "0". -->
				<field name="setup_hide" type="list" default="all"
					label="PLG_HYPHENATEGHSVS_SETUP_HIDE">
						<option value="all"/>
						<option value="element"/>
						<option value="text"/>
						<option value="JNONE"/>
				</field>

<!--SILENTERRORS-->
				<field name="silenterrorsNote" type="note" class="alert alert-info" close="true"
					label="PLG_HYPHENATEGHSVS_SILENTERRORS"
					description="PLG_HYPHENATEGHSVS_SILENTERRORS_DESC"/>

				<field name="silenterrors" type="list" default="0"
					label="PLG_HYPHENATEGHSVS_SILENTERRORS"
					filter="integer">
						<option value="0">JNO</option>
						<option value="1">JYES</option>
				</field>

				<field name="forceRenewalDaysSpacer" type="note" close="true" class="alert alert-info"
					label="PLG_SYSTEM_HYPHENATEGHSVS_FORCERENEWAL_DAYS"
					description="PLG_SYSTEM_HYPHENATEGHSVS_FORCERENEWAL_DAYS_DESC"/>

				<field name="forceRenewalDays" type="number" min="0" default="90"
					filter="integer"
					label="PLG_SYSTEM_HYPHENATEGHSVS_FORCERENEWAL_DAYS"/>

<!--ROBOTS-->
				<field name="robotsNote" type="note" class="alert alert-info" close="true"
					label="PLG_HYPHENATEGHSVS_ROBOTS"
					description="PLG_HYPHENATEGHSVS_ROBOTS_DESC" />

				<field name="robots" type="list" default="0"
					label="PLG_HYPHENATEGHSVS_ROBOTS">
						<option value="0">JNO</option>
						<option value="1">JYES</option>
				</field>

			</fieldset><!--/hypenateCss-->

		</fields>
	</config>
</extension>
